{
	"employees":  
[
	{
		"empId": "1234",
		"empName": "Romin Irani",
		"empDOJ": "21-04-1994",
		"empRating" :3,
		"empSalary" : 100000,
		"empRevisedSalary" : 0,
		"managerComment" : "test",
		"hikePercentage" : 0
	},
	{
		"empId": "1233",
		"empName": "Komal Irani",
		"empDOJ": "21-05-1990",
		"empRating" : 4,
		"empSalary" : 1033000,
		"empRevisedSalary" : 0,
		"managerComment" : "test",
		"hikePercentage" : 0
	},
	{
		"empId": "1222",
		"empName": "Jaya Irani",
		"empDOJ": "21-03-1992",
		"empRating" : 5,
		"empSalary" : 1322000,
		"empRevisedSalary" : 0,
		"managerComment" : "test",
		"hikePercentage" : 0
	}
]
}